ip,mediadata
183.151.65.162,"{""title"":"""",""keyword"":""旅游,泰国,旅行,东南亚,自驾游,房车,第九集,老挝,开车去旅行,凯文先生,"",""channel"":""s"",""cs"":""2330""}"
183.151.65.163,"{""title"":"""",""keyword"":""歌手,"",""channel"":""v"",""cs"":""3046""}"
183.151.65.164,"{""title"":""恋爱先生 01"",""keyword"":""恋爱先生"",""channel"":""d"",""cs"":""""}"
183.151.65.165,"{""title"":""第3期:小岳岳萌贱秀新表情包 欢乐喜剧人 家有儿女 花千骨 180128"",""keyword"":""iDo"",""channel"":""v"",""cs"":""""}"
183.151.65.166,"{""title"":"""",""keyword"":"","",""channel"":""c"",""cs"":""2040""}"
183.151.65.167,"{""title"":""恋爱先生 01"",""keyword"":""恋爱先生"",""channel"":""d"",""cs"":""""}"
183.151.65.168,"{""title"":"""",""keyword"":""DIY,手工编织,宝宝肚兜,毛线钩针,"",""channel"":""t"",""cs"":""251""}"
183.151.65.169,"{""title"":"""",""keyword"":""钢琴,钢琴演奏,弹钢琴,学钢琴,"",""channel"":""f"",""cs"":""2132""}"
183.151.65.170,"{""title"":"""",""keyword"":""经典,喜剧,香港,DVD,中国,高清,中文,"",""channel"":""c"",""cs"":""2040""}"
183.151.65.171,"{""title"":""《兰亭序解密》01永和九年，q在癸丑，暮春之初，【陈忠建书法学堂】"",""keyword"":""iKu"",""channel"":""t"",""cs"":""254""}"
183.151.65.172,"{""title"":"""",""keyword"":""原创,"",""channel"":""d"",""cs"":""""}"
183.151.65.173,"{""title"":"""",""keyword"":""原创,抗日,民国,谢文东,坏蛋怎样练成,"",""channel"":""d"",""cs"":""2038""}"
183.151.65.174,"{""title"":"""",""keyword"":""韩国,Rain,"",""channel"":""u"",""cs"":""2146""}"
183.151.65.175,"{""title"":"""",""keyword"":""宠物,猫咪,发情,萌宠,喵星人,"",""channel"":""m"",""cs"":""244""}"
183.151.65.176,"{""title"":"""",""keyword"":""音乐,原创,黄义达,捞仔,优酷旅游,"",""channel"":""v"",""cs"":""""}"
183.151.65.177,"{""title"":"""",""keyword"":""记忆,"",""channel"":""a"",""cs"":""2148""}"
183.151.65.178,"{""title"":"""",""keyword"":"","",""channel"":""m"",""cs"":""""}"
183.151.65.179,"{""title"":"""",""keyword"":""音乐,"",""channel"":""e"",""cs"":""2358""}"
183.151.65.180,"{""title"":"""",""keyword"":"","",""channel"":""d"",""cs"":""""}"
183.151.65.181,"{""title"":""大队长《校园有穷B》螺旋走位巧夺助学金 32"",""keyword"":""引力波,英雄联盟S7,中国有嘻哈"",""channel"":""j"",""cs"":""235""}"
183.151.65.182,"{""title"":"""",""keyword"":""原创,"",""channel"":""d"",""cs"":""""}"
183.151.65.183,"{""title"":"""",""keyword"":""搞笑,社会,街头采访,美女,神回复,"",""channel"":""j"",""cs"":""235""}"
183.151.65.184,"{""title"":"""",""keyword"":""企业年会,"",""channel"":""w"",""cs"":""""}"
183.151.65.185,"{""title"":"""",""keyword"":""原创,"",""channel"":""d"",""cs"":""""}"
183.151.65.186,"{""title"":"""",""keyword"":""短片,"",""channel"":""wdyg"",""cs"":""""}"
183.151.65.187,"{""title"":"""",""keyword"":"","",""channel"":""v"",""cs"":""""}"
183.151.65.188,"{""title"":"""",""keyword"":""原创,"",""channel"":""f"",""cs"":""2137""}"
183.151.65.189,"{""title"":""美女拼拼秀之这期不看后悔死！完美的齐X小短裤（上）"",""keyword"":""原创,其他,IKU"",""channel"":""q"",""cs"":""2321""}"
183.151.65.190,"{""title"":"""",""keyword"":""原创,"",""channel"":""d"",""cs"":""""}"
183.151.65.191,"{""title"":"""",""keyword"":"","",""channel"":""d"",""cs"":""""}"
183.151.65.192,"{""title"":"""",""keyword"":""何家劲,金超群,白龙驹,包青天之,"",""channel"":""d"",""cs"":""2068""}"
183.151.65.193,"{""title"":"""",""keyword"":""庆丰,总书记,习近平,"",""channel"":""a"",""cs"":""2143""}"
183.151.65.194,"{""title"":"""",""keyword"":""奇门遁甲,"",""channel"":""c"",""cs"":""""}"
183.151.65.195,"{""title"":"""",""keyword"":""健身娱乐,"",""channel"":""f"",""cs"":""2098""}"
183.151.65.196,"{""title"":"""",""keyword"":""音乐,舞蹈,穿搭,jin小菌,"",""channel"":""j"",""cs"":""235""}"
183.151.65.197,"{""title"":""我爱男保姆 01"",""keyword"":""我爱男保姆"",""channel"":""d"",""cs"":""2038""}"
183.151.65.198,"{""title"":"""",""keyword"":"""",""channel"":"""",""cs"":""""}"
183.151.65.199,"{""title"":"""",""keyword"":""iDo,"",""channel"":""v"",""cs"":""""}"
183.151.65.200,"{""title"":"""",""keyword"":""火影忍者,"",""channel"":""h"",""cs"":""2224""}"
183.151.65.201,"{""title"":"""",""keyword"":""唐人街探案,"",""channel"":""c"",""cs"":""2034""}"
183.151.65.202,"{""title"":"""",""keyword"":""其他,"",""channel"":""f"",""cs"":""""}"
183.151.65.203,"{""title"":"""",""keyword"":"","",""channel"":""d"",""cs"":""2038""}"
183.151.65.204,"{""title"":"""",""keyword"":""CAD,"",""channel"":""t"",""cs"":""251""}"
183.151.65.205,"{""title"":"""",""keyword"":""穿越,穿越时空,徐峥,张庭,的爱恋,刘莉莉,"",""channel"":""d"",""cs"":""2038""}"
178.33.208.39,"{""title"":"""",""keyword"":""音乐,吉他,吉他弹唱,吉他视频,吉他独奏,吉他表演,吉他教学,吉他演奏,吉他伴奏,吉他演唱,"",""channel"":""f"",""cs"":""2132""}"
58.212.193.164,"{""title"":"""",""keyword"":""后宫,"",""channel"":""d"",""cs"":""2038""}"
42.89.2.205,"{""title"":"""",""keyword"":""黄海冰,曹荣,西游记后传,闾汉彪,"",""channel"":""d"",""cs"":""2038""}"
60.21.247.118,"{""title"":"""",""keyword"":""实拍,猥琐,新闻资讯,变态,济南公交车男子,"",""channel"":""a"",""cs"":""2148""}"
207.144.189.194,"{""title"":"""",""keyword"":""舞蹈,其他,IKU,"",""channel"":""v"",""cs"":""3055""}"
117.41.182.40,"{""title"":"""",""keyword"":""原创,"",""channel"":""m"",""cs"":""242""}"
60.211.187.11,"{""title"":"""",""keyword"":""恋爱先生,"",""channel"":""d"",""cs"":""""}"
183.63.88.247,"{""title"":"""",""keyword"":""讲故事,故事会,彼得兔,母婴,睡前故事,"",""channel"":""r"",""cs"":""2317""}"
112.34.110.47,"{""title"":""巨轮"",""keyword"":""巨轮"",""channel"":""d"",""cs"":""2039""}"
111.33.24.123,"{""title"":"""",""keyword"":""段奕宏,余男,引爆者,"",""channel"":""c"",""cs"":""2034""}"
124.152.240.206,"{""title"":"""",""keyword"":""主公莫慌,"",""channel"":""g"",""cs"":""2219""}"
111.120.248.143,"{""title"":""成就奖杯到底有趣还是讨厌？【游民星空字幕组】"",""keyword"":""游民星空字幕组"",""channel"":""g"",""cs"":""""}"
182.242.9.160,"{""title"":""熊猫女主播Lovely璐璐直播的音乐好空灵，画风竟有宫廷之美_"",""keyword"":""iKu"",""channel"":""f"",""cs"":""2098""}"
60.160.225.5,"{""title"":""辛苦而快乐的电解工"",""keyword"":""原创"",""channel"":""zpai"",""cs"":""""}"
119.98.180.132,"{""title"":"""",""keyword"":"""",""channel"":"""",""cs"":""""}"
119.116.1.219,"{""title"":"""",""keyword"":""郭德纲,"",""channel"":""v"",""cs"":""3038""}"
115.198.129.128,"{""title"":"""",""keyword"":""火影忍者,"",""channel"":""h"",""cs"":""2224""}"
34.210.4.253,"{""title"":"""",""keyword"":""原创,"",""channel"":""m"",""cs"":""3062""}"
27.26.220.77,"{""title"":""富贵在天 23"",""keyword"":""叶童,倪齐民,富贵在天"",""channel"":""d"",""cs"":""2038""}"
60.220.210.98,"{""title"":"""",""keyword"":""iDo,"",""channel"":""v"",""cs"":""""}"
182.109.240.160,"{""title"":""特警力量 TV版 第1集"",""keyword"":""徐洪浩,任天野,安雅萍,王妍之"",""channel"":""d"",""cs"":""2038""}"
122.238.151.254,"{""title"":""美女拼拼秀之这期不看后悔死！完美的齐X小短裤（上）"",""keyword"":""原创,其他,IKU"",""channel"":""q"",""cs"":""2321""}"
112.96.128.50,"{""title"":""阿拉蕾长卷发及腰可爱爆棚 弟弟坐婴儿车显呆萌 171214"",""keyword"":""阿拉蕾"",""channel"":""u"",""cs"":""2146""}"
120.84.10.217,"{""title"":"""",""keyword"":""谢娜,谢娜双胞胎,"",""channel"":""u"",""cs"":""2146""}"
42.89.53.120,"{""title"":"""",""keyword"":""生活,BTV,光阴,苏帮菜,舌尖上中国,舌尖上美食,舌尖上江苏,江南味道,中国传承美食,"",""channel"":""v"",""cs"":""3038""}"
115.34.209.74,"{""title"":"""",""keyword"":"""",""channel"":"""",""cs"":""""}"
104.244.65.21,"{""title"":"""",""keyword"":""魁北克移民,tefaq,"",""channel"":""t"",""cs"":""253""}"
39.176.227.69,"{""title"":"""",""keyword"":""iKu,"",""channel"":""c"",""cs"":""2040""}"
218.28.35.234,"{""title"":"""",""keyword"":""风云再起,谢文东之,"",""channel"":""d"",""cs"":""2038""}"
126.169.42.249,"{""title"":"""",""keyword"":""三国演义,鲍国安,里坡,孙彦军,"",""channel"":""d"",""cs"":""2038""}"
27.222.158.55,"{""title"":"""",""keyword"":"","",""channel"":""d"",""cs"":""""}"
84.127.160.79,"{""title"":""芭蕾舞剧《仲夏夜之梦》---中文字幕"",""keyword"":""可儿音乐"",""channel"":""f"",""cs"":""2134""}"
98.215.152.224,"{""title"":""何以笙箫默"",""keyword"":""何以笙箫默"",""channel"":""c"",""cs"":""2034""}"
119.33.28.134,"{""title"":""和平饭店 04"",""keyword"":""张帆,陈数,李光洁,雷佳音,郭秋成"",""channel"":""d"",""cs"":""""}"
122.228.210.2,"{""title"":"""",""keyword"":""天音阁小明星,"",""channel"":""f"",""cs"":""2132""}"
222.175.57.66,"{""title"":"""",""keyword"":""电视剧,"",""channel"":""d"",""cs"":""2038""}"
182.99.249.15,"{""title"":"""",""keyword"":""PK港剧,"",""channel"":""d"",""cs"":""2039""}"
1.63.40.181,"{""title"":"""",""keyword"":"""",""channel"":"""",""cs"":""""}"
101.22.186.237,"{""title"":"""",""keyword"":"","",""channel"":""v"",""cs"":""""}"
222.91.57.62,"{""title"":""寻秦记 11"",""keyword"":"""",""channel"":""d"",""cs"":""""}"
103.85.144.35,"{""title"":"""",""keyword"":"""",""channel"":"""",""cs"":""""}"
45.76.43.217,"{""title"":"""",""keyword"":"""",""channel"":"""",""cs"":""""}"
98.215.152.2242,"{""title"":""何以笙箫默"",""keyword"":""何以笙箫默"",""channel"":""c"",""cs"":""2034""}"
98.215.152.2242,"{""title"":""和平饭店 04"",""keyword"":""张帆,陈数,李光洁,雷佳音,郭秋成"",""channel"":""d"",""cs"":""""}"
